,Time,X,Y,Z
0,0.0,2,2,2
1,0.0795,1,2,2
2,0.0979,1,2,1
3,0.1675,1,1,1
4,0.2181,1,0,1
5,0.3233,1,0,2
6,0.4132,1,1,2
7,0.5572,1,2,2
8,0.6689,1,2,0
9,0.7529,2,2,0
10,0.8074,1,2,0
11,0.8133,1,2,2
12,0.8669,0,2,2
13,0.9124,0,2,1
14,0.9892,0,2,2
15,1.0446,2,2,2
16,1.0976,0,2,2
17,1.1542,2,2,2
18,1.1747,2,0,2
19,1.1875,1,0,2
20,1.204,1,1,2
21,1.2138,1,2,2
22,1.2627,1,2,0
23,1.3446,1,1,0
24,1.3733,1,2,0
25,1.4162,1,2,1
26,1.4438,1,1,1
27,1.4645,0,1,1
28,1.4807,1,1,1
29,1.6109,1,0,1
30,1.6348,2,0,1
31,1.6714,1,0,1
32,1.7189,1,2,1
33,1.733,1,1,1
34,1.8187,1,0,1
35,1.8947,1,0,2
36,1.9035,1,0,1
37,1.9272,0,0,1
38,1.9505,0,0,0
39,2.0831,1,0,0
40,2.136,1,0,1
41,2.1623,1,0,2
42,2.1857,1,0,0
43,2.4266,1,0,2
44,2.5518,1,0,1
45,2.7025,0,0,1
46,2.8049,0,0,0
47,2.809,1,0,0
48,2.8325,1,0,1
49,2.8831,0,0,1
50,2.9658,0,1,1
51,3.1578,0,2,1
52,3.1846,0,1,1
53,3.3439,2,1,1
54,3.3693,0,1,1
55,3.3985,2,1,1
56,3.4281,0,1,1
57,3.4766,0,1,2
58,3.526,0,2,2
59,3.5697,0,0,2
60,3.5974,0,2,2
61,3.6629,1,2,2
62,3.7055,1,2,0
63,3.8235,1,0,0
64,3.9595,1,2,0
65,4.0246,1,2,1
66,4.0262,1,2,2
67,4.1098,1,1,2
68,4.2318,1,1,0
69,4.236,1,1,2
70,4.2592,1,1,0
71,4.2707,1,0,0
72,4.3029,1,0,2
73,4.3524,1,2,2
74,4.3749,2,2,2
75,4.3944,0,2,2
76,4.4505,1,2,2
77,4.5283,1,1,2
78,4.5606,1,2,2
79,4.5979,1,0,2
80,4.79,1,2,2
81,4.967,1,0,2
82,4.9825,1,2,2
83,4.9867,1,1,2
84,5.0395,0,1,2
85,5.1153,0,2,2
86,5.1724,0,2,1
87,5.2174,0,1,1
88,5.2275,1,1,1
89,5.255,1,0,1
90,5.3457,1,1,1
91,5.3758,1,0,1
92,5.3988,1,1,1
93,5.6471,1,1,0
94,5.6582,1,1,2
95,5.7239,1,1,0
96,5.784,1,1,2
97,5.8513,1,2,2
98,5.99,1,2,0
99,6.064,1,2,1
100,6.1111,1,2,0
101,6.223,1,2,1
102,6.2316,1,0,1
103,6.2572,1,2,1
104,6.2691,1,1,1
105,6.2935,1,2,1
106,6.3944,1,2,0
107,6.4256,1,1,0
108,6.4348,1,2,0
109,6.5102,1,1,0
110,6.5208,1,2,0
111,6.545,1,2,1
112,6.5879,1,0,1
113,6.6558,1,0,0
114,6.6972,1,0,1
115,6.7036,1,2,1
116,6.713,1,2,0
117,6.7366,1,2,2
118,6.7522,1,2,0
119,6.7586,1,0,0
120,6.8169,1,2,0
121,6.8337,1,2,2
122,6.8463,1,2,1
123,6.9374,1,1,1
124,7.0371,1,0,1
125,7.1873,1,0,2
126,7.2019,2,0,2
127,7.2859,2,0,1
128,7.2957,2,0,2
129,7.3575,1,0,2
130,7.5165,1,0,1
131,7.5863,1,0,2
132,7.6055,1,0,1
133,7.8261,1,0,0
134,7.8353,1,2,0
135,7.8646,1,1,0
136,7.9157,1,0,0
137,8.0518,1,2,0
138,8.3077,2,2,0
139,8.3346,2,0,0
140,8.3875,2,2,0
141,8.5414,0,2,0
142,8.5571,0,2,1
143,8.565,0,1,1
144,8.6032,0,2,1
145,8.6114,1,2,1
146,8.6283,1,2,0
147,8.6577,1,0,0
148,8.6618,2,0,0
149,8.6789,0,0,0
150,8.7114,1,0,0
151,8.8288,1,0,1
152,8.8352,1,0,2
153,8.8676,1,2,2
154,8.934,2,2,2
155,8.9999,2,2,1
156,9.0146,2,1,1
157,9.1077,2,1,0
158,9.1677,2,1,1
159,9.181,2,1,2
160,9.2049,2,2,2
161,9.2426,0,2,2
162,9.3478,2,2,2
163,9.4303,0,2,2
164,9.5705,0,2,0
165,9.6056,2,2,0
166,9.6112,0,2,0
167,9.6117,2,2,0
168,9.663,1,2,0
169,9.8987,2,2,0
170,9.9486,2,0,0
171,9.9563,0,0,0
172,10.0293,0,2,0
173,10.0652,2,2,0
174,10.0683,0,2,0
175,10.0895,0,1,0
176,10.1199,0,0,0
177,10.1656,2,0,0
178,10.3267,2,2,0
179,10.3593,1,2,0
180,10.3677,1,2,2
181,10.4038,2,2,2
182,10.4184,2,1,2
183,10.4541,2,1,1
184,10.5078,2,2,1
185,10.5507,2,1,1
186,10.6822,1,1,1
187,10.6895,1,1,0
188,10.7081,1,0,0
189,10.7297,1,0,1
190,10.7299,1,2,1
191,10.7827,1,2,2
192,10.8673,1,1,2
193,10.8734,1,2,2
194,11.0143,1,2,0
195,11.1236,1,2,2
196,11.1941,1,2,0
197,11.2744,2,2,0
198,11.284,2,2,2
199,11.3411,1,2,2
200,11.4209,1,0,2
201,11.425,1,1,2
202,11.5115,1,1,0
203,11.6297,1,2,0
204,11.6371,0,2,0
205,11.6628,1,2,0
206,11.7306,1,1,0
207,11.8644,1,2,0
208,11.8744,2,2,0
209,12.0028,1,2,0
210,12.0231,1,0,0
211,12.0381,1,0,2
212,12.043,1,0,1
213,12.0625,1,2,1
214,12.0993,1,1,1
215,12.1118,1,1,2
216,12.1937,1,2,2
217,12.2106,1,2,0
218,12.2212,2,2,0
219,12.2472,2,0,0
220,12.2803,0,0,0
221,12.304,0,0,1
222,12.3087,0,0,2
223,12.3185,1,0,2
224,12.3413,1,0,1
225,12.471,1,2,1
226,12.6159,2,2,1
227,12.734,2,0,1
228,12.787,2,2,1
229,12.8012,2,2,0
230,12.8591,2,2,2
231,12.8924,2,2,0
232,13.0487,2,1,0
233,13.1244,2,2,0
234,13.1573,0,2,0
235,13.2086,0,2,1
236,13.3017,0,2,2
237,13.5649,0,2,0
238,13.6949,0,1,0
239,13.7259,1,1,0
240,13.7844,2,1,0
241,13.8647,1,1,0
242,13.9843,1,0,0
243,13.9857,1,2,0
244,14.0411,2,2,0
245,14.1539,2,0,0
246,14.4909,2,0,1
247,14.6408,2,0,0
248,14.802,2,0,2
249,14.9388,2,0,1
250,14.9523,2,2,1
251,15.0736,2,1,1
252,15.1878,2,1,2
253,15.2382,2,2,2
254,15.3132,2,1,2
255,15.3179,2,2,2
256,15.3212,0,2,2
257,15.4264,1,2,2
258,15.6402,2,2,2
259,15.6767,2,1,2
260,15.7451,1,1,2
261,15.7472,1,1,0
262,15.788,1,1,2
263,15.7917,1,1,1
264,15.9557,2,1,1
265,15.991,2,2,1
266,16.0447,2,1,1
267,16.0905,2,2,1
268,16.1135,2,0,1
269,16.246,2,0,2
270,16.2546,0,0,2
271,16.2986,0,0,1
272,16.3298,0,2,1
273,16.3707,0,1,1
274,16.4046,2,1,1
275,16.4073,2,1,2
276,16.4141,2,1,0
277,16.4351,2,2,0
278,16.4831,2,1,0
279,16.5386,2,0,0
280,16.5466,0,0,0
281,16.6126,0,0,1
282,16.6416,0,0,2
283,16.6434,0,1,2
284,16.7608,1,1,2
285,16.8749,1,2,2
286,16.891,0,2,2
287,16.892,2,2,2
288,17.0821,2,1,2
289,17.1085,0,1,2
290,17.1594,0,1,1
291,17.285,0,0,1
292,17.2895,1,0,1
293,17.3458,1,0,2
294,17.3749,2,0,2
295,17.4182,2,0,0
296,17.4365,0,0,0
297,17.5099,0,2,0
298,17.5182,0,0,0
299,17.5507,0,2,0
300,17.5916,0,2,2
301,17.604,1,2,2
302,17.7472,1,0,2
303,17.813,2,0,2
304,17.8192,2,2,2
305,17.8344,2,1,2
306,17.9153,0,1,2
307,18.0901,0,2,2
308,18.1454,0,2,1
309,18.201,0,1,1
310,18.2141,0,0,1
311,18.3243,0,2,1
312,18.3384,0,1,1
313,18.3472,0,1,0
314,18.4036,0,0,0
315,18.409,0,0,1
316,18.5107,0,2,1
317,18.5911,1,2,1
318,18.6044,1,2,2
319,18.7143,1,0,2
320,18.7363,1,0,1
321,18.738,1,0,2
322,18.8067,2,0,2
323,18.8258,1,0,2
324,18.8762,1,0,1
325,18.8999,1,0,0
326,18.9042,1,0,1
327,18.934,1,2,1
328,18.9645,1,1,1
329,19.241,1,0,1
330,19.3245,1,1,1
331,19.3432,1,0,1
332,19.3641,1,1,1
333,19.3711,0,1,1
334,19.4859,2,1,1
335,19.537,0,1,1
336,19.608,0,2,1
337,19.6275,0,0,1
338,19.7304,1,0,1
339,19.7306,1,2,1
340,19.8026,2,2,1
341,19.8083,2,1,1
342,19.843,2,2,1
343,19.8587,0,2,1
344,19.9644,0,2,0
345,20.0163,0,2,1
346,20.0176,0,2,0
347,20.0529,1,2,0
348,20.0739,1,2,2
349,20.1519,1,2,1
350,20.388,1,1,1
351,20.4335,1,0,1
352,20.4947,1,0,2
353,20.5781,2,0,2
354,20.5964,0,0,2
355,20.6086,0,2,2
356,20.681,0,1,2
357,20.6839,0,1,0
358,20.7439,0,1,2
359,20.7553,0,2,2
360,20.7683,2,2,2
361,20.9932,2,0,2
362,21.0526,1,0,2
363,21.1485,1,1,2
364,21.2072,1,2,2
365,21.3602,1,2,0
366,21.4356,1,2,2
367,21.5536,1,2,0
368,21.5736,1,1,0
369,21.5849,1,2,0
370,21.6194,1,0,0
371,21.62,1,0,2
372,21.7054,1,0,1
373,21.7906,1,1,1
374,21.847,0,1,1
375,22.1857,0,0,1
376,22.2518,0,0,0
377,22.2627,2,0,0
378,22.2743,0,0,0
379,22.3469,0,0,1
380,22.4748,2,0,1
381,22.4813,2,0,2
382,22.4944,2,0,0
383,22.5494,0,0,0
384,22.6107,0,0,1
385,22.6279,0,1,1
386,22.6969,1,1,1
387,22.7149,1,1,0
388,22.7303,1,0,0
389,22.8614,1,0,1
390,22.8737,1,0,2
391,22.8882,1,0,1
392,22.8958,1,2,1
393,22.9424,1,0,1
394,22.981,1,2,1
395,22.9897,1,2,2
396,22.9973,1,1,2
397,23.081,1,2,2
398,23.1523,2,2,2
399,23.1983,2,0,2
400,23.2627,2,2,2
401,23.3006,2,2,1
402,23.3421,2,0,1
403,23.381,0,0,1
404,23.3978,2,0,1
405,23.4183,2,0,2
406,23.4212,1,0,2
407,23.4245,2,0,2
408,23.546,2,1,2
409,23.5486,1,1,2
410,23.6357,1,2,2
411,23.8447,1,2,0
412,23.8738,2,2,0
413,23.9067,2,2,2
414,23.9577,2,1,2
415,23.9735,0,1,2
416,24.0201,0,0,2
417,24.0572,0,2,2
418,24.0905,0,2,0
419,24.1886,1,2,0
420,24.2253,1,2,2
421,24.3021,1,2,1
422,24.36,1,2,0
423,24.3677,1,2,1
424,24.4821,2,2,1
425,24.485,1,2,1
426,24.4971,1,2,2
427,24.5322,1,2,0
428,24.5709,1,0,0
429,24.5953,1,0,2
430,24.6746,1,2,2
431,24.6918,1,0,2
432,24.7596,1,1,2
433,24.9392,1,2,2
434,24.9557,1,2,1
435,24.9841,1,2,0
436,25.0531,1,2,1
437,25.0655,1,2,2
438,25.0709,1,1,2
439,25.1702,1,1,1
440,25.1886,1,0,1
441,25.2167,1,2,1
442,25.3794,1,0,1
443,25.4413,1,0,2
444,25.5297,1,0,1
445,25.5369,1,1,1
446,25.5486,1,1,0
447,25.6292,1,0,0
448,25.7656,0,0,0
449,25.7678,0,0,1
450,25.9455,0,2,1
451,25.9613,0,1,1
452,26.0037,0,0,1
453,26.0062,0,0,2
454,26.026,1,0,2
455,26.0617,1,2,2
456,26.0662,1,1,2
457,26.0778,1,1,0
458,26.1318,2,1,0
459,26.1697,2,0,0
460,26.2511,0,0,0
461,26.3814,0,0,1
462,26.3867,0,0,2
463,26.4286,0,0,0
464,26.5313,0,1,0
465,26.599,0,0,0
466,26.6982,0,0,2
467,26.7073,1,0,2
468,26.742,1,2,2
469,26.8259,1,1,2
470,26.947,1,1,1
471,26.9619,0,1,1
472,26.9777,1,1,1
473,27.0568,0,1,1
474,27.3265,0,1,2
475,27.3511,1,1,2
476,27.3684,1,1,0
477,27.3789,1,0,0
478,27.3849,1,2,0
479,27.4694,1,2,2
480,27.5131,1,2,0
481,27.558,1,0,0
482,27.5596,0,0,0
483,27.6507,0,2,0
484,27.7795,0,2,1
485,27.8356,1,2,1
486,27.8576,1,2,2
487,27.8941,1,1,2
488,27.936,1,2,2
489,27.9585,1,1,2
490,27.9806,1,1,0
491,28.0413,1,0,0
492,28.0943,1,0,1
493,28.1653,1,0,2
494,28.2819,1,1,2
495,28.2897,1,1,0
496,28.2962,1,2,0
497,28.5013,1,2,2
498,28.6755,1,0,2
499,28.7102,1,2,2
500,28.7214,1,2,0
501,28.7727,1,2,2
502,28.8352,1,0,2
503,28.8509,1,1,2
504,28.8776,1,2,2
505,28.9025,1,2,0
506,28.9258,2,2,0
507,28.9575,2,1,0
508,29.0573,0,1,0
509,29.1549,2,1,0
510,29.1576,2,2,0
511,29.1725,2,2,1
512,29.1854,0,2,1
513,29.2548,0,2,0
514,29.2671,2,2,0
515,29.378,0,2,0
516,29.4219,0,1,0
517,29.4451,2,1,0
518,29.4578,2,2,0
519,29.4717,0,2,0
520,29.6018,1,2,0
521,29.6065,1,2,1
522,29.7716,1,2,0
523,29.7819,0,2,0
524,29.8965,0,0,0
525,29.9296,0,0,1
526,29.9317,0,0,2
527,29.9414,0,1,2
528,30.0248,2,1,2
529,30.0491,2,2,2
530,30.1023,1,2,2
531,30.1669,1,2,1
532,30.301,1,2,0
533,30.3476,1,1,0
534,30.3549,0,1,0
535,30.3884,0,0,0
536,30.4346,0,2,0
537,30.4746,1,2,0
538,30.4973,1,1,0
539,30.5991,2,1,0
540,30.6394,2,1,2
541,30.6989,2,2,2
542,30.7811,0,2,2
543,30.8491,0,2,1
544,30.8653,0,2,0
545,31.1308,0,1,0
546,31.1957,0,1,2
547,31.3925,0,2,2
548,31.4364,2,2,2
549,31.5823,0,2,2
550,31.585,0,1,2
551,31.5959,2,1,2
552,31.5961,1,1,2
553,31.641,1,2,2
554,31.6488,1,1,2
555,31.7463,1,2,2
556,31.8959,1,2,0
557,31.9496,1,2,2
558,31.9686,1,0,2
559,31.9973,1,0,1
560,32.1254,1,2,1
561,32.2004,1,2,0
562,32.2289,1,2,2
563,32.2882,1,0,2
564,32.3392,1,0,1
565,32.3789,1,0,0
566,32.386,1,0,1
567,32.4003,1,0,2
568,32.4026,0,0,2
569,32.4059,0,0,1
570,32.4545,2,0,1
571,32.4824,0,0,1
572,32.5412,0,2,1
573,32.5465,2,2,1
574,32.604,2,2,2
575,32.663,2,0,2
576,32.6753,2,0,0
577,32.7262,2,2,0
578,32.7814,2,2,2
579,32.833,0,2,2
580,32.8788,2,2,2
581,32.8833,2,1,2
582,32.904,2,2,2
583,33.0008,2,0,2
584,33.093,1,0,2
585,33.0944,2,0,2
586,33.1435,2,1,2
587,33.208,2,2,2
588,33.2809,2,1,2
589,33.3212,1,1,2
590,33.359,1,1,0
591,33.4519,2,1,0
592,33.4709,1,1,0
593,33.4803,1,1,2
594,33.562,0,1,2
595,33.568,0,1,1
596,33.5975,0,1,2
597,33.6277,0,1,0
598,33.6351,0,0,0
599,33.68,0,0,2
600,33.7583,2,0,2
601,33.7615,2,2,2
602,33.8483,2,0,2
603,33.8601,2,2,2
604,33.8687,2,2,0
605,33.8735,1,2,0
606,33.878,1,1,0
607,34.0028,1,2,0
608,34.0271,2,2,0
609,34.0327,0,2,0
610,34.0627,2,2,0
611,34.3017,2,2,2
612,34.3199,2,1,2
613,34.3202,2,1,0
614,34.3493,0,1,0
615,34.4607,2,1,0
616,34.5047,2,0,0
617,34.5223,1,0,0
618,34.562,2,0,0
619,34.5944,0,0,0
620,34.5967,2,0,0
621,34.6872,1,0,0
622,34.6907,1,0,2
623,34.8604,1,2,2
624,34.8742,1,2,0
625,34.9015,1,1,0
626,35.0209,1,2,0
627,35.1462,0,2,0
628,35.1853,0,2,2
629,35.2545,0,2,1
630,35.3178,2,2,1
631,35.344,0,2,1
632,35.3626,2,2,1
633,35.3737,2,0,1
634,35.4375,2,1,1
635,35.4394,2,1,0
636,35.4477,2,1,2
637,35.4692,1,1,2
638,35.4881,1,1,0
639,35.6352,1,2,0
640,35.6432,1,2,1
641,35.694,1,2,2
642,35.7844,1,1,2
643,35.7948,1,2,2
644,35.9062,1,2,1
645,35.9209,1,1,1
646,35.9299,1,0,1
647,35.9506,1,2,1
648,36.0014,2,2,1
649,36.0043,2,2,2
650,36.0454,0,2,2
651,36.0887,0,2,1
652,36.0961,0,0,1
653,36.1445,0,0,2
654,36.1459,2,0,2
655,36.1695,1,0,2
656,36.1876,1,0,0
657,36.3722,1,0,1
658,36.5983,1,2,1
659,36.7255,1,2,2
660,37.0271,0,2,2
661,37.061,0,2,0
662,37.1062,0,0,0
663,37.197,0,0,1
664,37.4171,0,0,0
665,37.478,0,0,1
666,37.5307,0,1,1
667,37.646,2,1,1
668,37.6548,2,1,0
669,37.6695,0,1,0
670,37.8353,0,1,2
671,37.8464,0,2,2
672,37.8633,1,2,2
673,37.9266,1,0,2
674,37.9429,2,0,2
675,38.0492,2,0,1
676,38.0766,1,0,1
677,38.1013,2,0,1
678,38.1448,0,0,1
679,38.1451,0,2,1
680,38.1572,0,2,0
681,38.1902,2,2,0
682,38.2291,2,0,0
683,38.2953,0,0,0
684,38.4535,1,0,0
685,38.5217,1,0,1
686,38.5717,0,0,1
687,38.665,0,1,1
688,38.6775,0,0,1
689,38.7657,0,2,1
690,38.7766,0,1,1
691,38.8258,0,1,2
692,38.8516,1,1,2
693,38.8983,1,1,1
694,38.9502,1,0,1
695,38.9958,1,0,2
696,39.3057,1,0,1
697,39.3228,1,2,1
698,39.3403,1,2,2
699,39.4363,1,1,2
700,39.4493,1,1,1
701,39.4618,1,2,1
702,39.5144,0,2,1
703,39.5216,0,0,1
704,39.5819,2,0,1
705,39.601,2,1,1
706,39.6222,2,1,0
707,39.6504,0,1,0
708,39.6791,0,1,2
709,39.7127,0,0,2
710,39.7361,0,0,1
711,39.7852,0,0,0
712,39.8897,0,2,0
713,39.9036,0,0,0
714,39.9633,2,0,0
715,39.9806,0,0,0
716,40.0178,0,2,0
717,40.1145,2,2,0
718,40.1716,2,2,2
719,40.1862,2,2,1
720,40.3393,2,2,0
721,40.3975,2,2,1
722,40.4097,1,2,1
723,40.4134,1,2,2
724,40.5548,1,1,2
725,40.5952,1,2,2
726,40.598,1,2,0
727,40.6079,1,1,0
728,40.6137,1,1,1
729,40.7164,1,1,2
730,40.8416,1,1,1
731,40.8528,1,1,2
732,40.9449,1,2,2
733,41.0573,1,0,2
734,41.1593,1,0,1
735,41.1688,2,0,1
736,41.2155,2,1,1
737,41.2636,2,1,0
738,41.352,2,2,0
739,41.421,2,1,0
740,41.4699,1,1,0
741,41.5288,1,0,0
742,41.5463,1,0,1
743,41.5764,1,2,1
744,41.5895,1,2,0
745,41.6683,1,1,0
746,41.6971,1,1,1
747,41.7045,1,1,2
748,41.7223,2,1,2
749,41.7293,0,1,2
750,41.8027,2,1,2
751,41.808,2,1,0
752,41.8673,2,0,0
753,41.8678,0,0,0
754,41.8684,0,0,2
755,41.8931,1,0,2
756,41.9085,2,0,2
757,42.0736,0,0,2
758,42.1111,1,0,2
759,42.1254,1,0,1
760,42.1839,1,0,2
761,42.1915,1,2,2
762,42.197,1,0,2
763,42.2787,0,0,2
764,42.3331,0,2,2
765,42.3814,1,2,2
766,42.4777,1,1,2
767,42.642,1,1,0
768,42.6886,0,1,0
769,42.7757,0,1,2
770,42.7917,1,1,2
771,42.7978,1,1,1
772,42.8293,1,1,0
773,42.94,2,1,0
774,43.0639,2,0,0
775,43.0666,0,0,0
776,43.1991,0,0,1
777,43.2138,0,2,1
778,43.2359,1,2,1
779,43.2754,1,0,1
780,43.2877,1,1,1
781,43.3022,1,1,2
782,43.3135,2,1,2
783,43.3401,2,1,0
784,43.3823,2,2,0
785,43.4078,2,2,2
786,43.4915,2,2,0
787,43.4987,2,2,2
788,43.5521,1,2,2
789,43.7632,2,2,2
790,43.8124,2,0,2
791,43.8271,1,0,2
792,43.8332,2,0,2
793,43.8577,2,0,1
794,43.8873,2,0,0
795,43.8901,2,0,2
796,43.9351,0,0,2
797,43.9744,0,1,2
798,44.0585,0,2,2
799,44.0642,1,2,2
800,44.1328,1,0,2
801,44.1856,1,1,2
802,44.2647,1,2,2
803,44.2986,0,2,2
804,44.3459,2,2,2
805,44.5809,2,1,2
806,44.658,2,1,1
807,44.7978,1,1,1
808,44.8305,1,0,1
809,44.8628,2,0,1
810,44.8897,0,0,1
811,44.8912,1,0,1
812,44.9644,1,0,2
813,44.9733,1,0,1
814,44.9782,1,2,1
815,44.9786,1,2,2
816,44.9992,1,1,2
817,45.0222,1,1,1
818,45.1632,2,1,1
819,45.2428,0,1,1
820,45.3771,0,0,1
821,45.418,0,0,2
822,45.47,1,0,2
823,45.4772,2,0,2
824,45.4997,2,0,0
825,45.5748,1,0,0
826,45.5975,1,2,0
827,45.6268,1,1,0
828,45.6412,1,0,0
829,45.746,2,0,0
830,45.7851,2,0,1
831,45.8283,2,2,1
832,45.8458,2,2,2
833,45.8994,2,1,2
834,45.8998,0,1,2
835,45.9098,1,1,2
836,46.0034,1,1,1
837,46.0424,1,0,1
838,46.1504,1,0,2
839,46.2049,1,2,2
840,46.241,2,2,2
841,46.2579,2,1,2
842,46.2717,0,1,2
843,46.2968,1,1,2
844,46.4702,1,1,1
845,46.5575,1,1,2
846,46.6118,1,1,0
847,46.6158,0,1,0
848,46.7248,0,0,0
849,46.7332,1,0,0
850,46.7405,2,0,0
851,46.7838,1,0,0
852,46.8302,1,0,1
853,47.0207,1,2,1
854,47.0274,1,2,0
855,47.0392,1,0,0
856,47.24,2,0,0
857,47.3767,2,0,2
858,47.4601,2,1,2
859,47.5123,0,1,2
860,47.5491,2,1,2
861,47.6347,2,2,2
862,47.6515,2,1,2
863,47.7127,0,1,2
864,47.7303,0,1,0
865,47.7693,1,1,0
866,47.7899,1,0,0
867,47.9561,1,1,0
868,47.9768,1,2,0
869,47.9958,0,2,0
870,48.0401,0,2,1
871,48.1287,0,2,2
872,48.1829,0,2,0
873,48.217,0,2,1
874,48.2407,0,1,1
875,48.246,0,1,2
876,48.2959,1,1,2
877,48.3505,1,2,2
878,48.6209,1,0,2
879,48.6731,0,0,2
880,48.7934,0,0,0
881,48.8246,1,0,0
882,48.8612,1,2,0
883,48.8862,1,0,0
884,48.9116,1,0,2
885,48.9219,1,2,2
886,48.9355,0,2,2
887,48.9484,1,2,2
888,48.9699,1,0,2
889,48.9819,2,0,2
890,49.0093,0,0,2
891,49.0188,0,2,2
892,49.1049,1,2,2
893,49.284,2,2,2
894,49.3282,2,1,2
895,49.4233,0,1,2
896,49.4444,0,1,1
897,49.4768,2,1,1
898,49.4798,0,1,1
899,49.4942,1,1,1
900,49.6552,2,1,1
901,49.6946,2,2,1
902,49.7204,0,2,1
903,49.7859,2,2,1
904,49.7864,2,0,1
905,49.8174,1,0,1
906,49.8615,1,0,2
907,49.9572,1,2,2
908,50.032,1,0,2
909,50.2144,1,2,2
910,50.2776,1,1,2
911,50.3029,1,2,2
912,50.3349,1,2,0
913,50.3425,1,1,0
914,50.401,1,2,0
915,50.4278,1,0,0
916,50.4624,1,2,0
917,50.6934,1,1,0
918,50.7814,1,1,1
919,50.782,1,2,1
920,50.8019,1,1,1
921,50.8166,1,0,1
922,50.8671,1,0,0
923,50.8786,2,0,0
924,50.9204,2,0,1
925,50.9862,0,0,1
926,51.0075,0,0,2
927,51.0086,0,0,1
928,51.0345,0,0,2
929,51.0889,0,0,0
930,51.0902,0,2,0
931,51.0985,0,2,1
932,51.2129,1,2,1
933,51.26,1,2,0
934,51.3187,0,2,0
935,51.3518,0,1,0
936,51.3544,0,2,0
937,51.469,0,1,0
938,51.5026,0,2,0
939,51.5296,0,1,0
940,51.5636,0,2,0
941,51.7784,0,0,0
942,51.8686,0,2,0
943,51.9565,2,2,0
944,51.9777,2,2,2
945,52.1087,2,2,1
946,52.1398,2,2,2
947,52.1971,2,0,2
948,52.2547,2,0,1
949,52.271,2,0,2
950,52.3833,2,2,2
951,52.3951,2,1,2
952,52.4047,2,1,1
953,52.4455,2,1,0
954,52.5004,1,1,0
955,52.5161,0,1,0
956,52.544,0,0,0
957,52.5442,1,0,0
958,52.5654,1,0,1
959,52.7153,1,0,2
960,52.7661,1,2,2
961,52.7947,1,1,2
962,52.853,1,0,2
963,52.8736,1,2,2
964,53.0678,1,1,2
965,53.1599,1,1,0
966,53.1829,1,2,0
967,53.2851,1,2,1
968,53.3814,1,1,1
969,53.4873,1,2,1
970,53.4959,1,2,2
971,53.5013,1,0,2
972,53.5033,1,0,1
973,53.5558,1,0,0
974,53.5613,1,0,2
975,53.5963,1,1,2
976,53.7209,1,0,2
977,53.7993,2,0,2
978,53.8346,2,1,2
979,53.8433,2,1,0
980,53.9248,2,1,2
981,53.9997,0,1,2
982,54.0045,1,1,2
983,54.0206,1,2,2
984,54.0747,1,2,0
985,54.0778,1,1,0
986,54.1275,1,0,0
987,54.1604,1,0,1
988,54.1697,1,0,2
989,54.1762,2,0,2
990,54.282,2,2,2
991,54.2966,2,1,2
992,54.3719,1,1,2
993,54.4028,1,1,0
994,54.4513,1,0,0
995,54.4683,1,0,2
996,54.4821,1,2,2
997,54.5601,1,0,2
998,54.5852,1,2,2
999,54.6504,2,2,2
1000,54.7021,1,2,2
1001,54.7282,1,2,1
1002,54.7325,1,2,2
1003,54.8082,1,1,2
1004,54.8417,1,2,2
1005,55.0424,1,2,1
1006,55.0656,1,0,1
1007,55.1133,2,0,1
1008,55.1711,2,0,0
1009,55.1827,2,1,0
1010,55.1833,1,1,0
1011,55.2378,1,1,2
1012,55.3369,1,2,2
1013,55.3409,1,2,0
1014,55.3535,1,1,0
1015,55.3602,1,2,0
1016,55.4003,1,2,2
1017,55.4586,1,0,2
1018,55.4904,1,2,2
1019,55.6486,2,2,2
1020,55.7091,2,1,2
1021,55.8616,2,2,2
1022,55.895,2,0,2
1023,55.9184,2,2,2
1024,55.9352,2,2,0
1025,55.9803,0,2,0
1026,56.0149,0,0,0
1027,56.0514,0,0,1
1028,56.1097,0,0,2
1029,56.1498,0,2,2
1030,56.1713,0,0,2
1031,56.1778,0,1,2
1032,56.327,0,1,0
1033,56.4688,0,0,0
1034,56.6018,2,0,0
1035,56.6833,1,0,0
1036,56.754,0,0,0
1037,56.8233,0,2,0
1038,56.8711,0,1,0
1039,56.8764,0,1,1
1040,56.8817,1,1,1
1041,56.9164,1,1,2
1042,56.9465,1,1,1
1043,56.9787,1,2,1
1044,57.0522,1,0,1
1045,57.144,1,2,1
1046,57.1676,0,2,1
1047,57.2436,1,2,1
1048,57.4194,1,0,1
1049,57.4333,1,0,0
1050,57.4458,1,0,1
1051,57.4658,1,1,1
1052,57.5619,1,1,2
1053,57.5989,1,1,1
1054,57.6595,1,1,2
1055,57.7821,0,1,2
1056,57.7886,0,2,2
1057,57.8393,0,1,2
1058,57.8511,0,2,2
1059,57.8748,0,2,1
1060,57.8827,1,2,1
1061,57.8858,1,2,2
1062,57.8984,1,0,2
1063,57.9161,1,2,2
1064,58.0479,1,2,0
1065,58.0559,1,2,1
1066,58.1276,1,2,2
1067,58.1912,1,0,2
1068,58.3022,1,0,1
1069,58.4511,1,0,2
1070,58.5193,2,0,2
1071,58.5498,2,1,2
1072,58.5675,0,1,2
1073,58.6935,0,1,0
1074,58.8336,0,2,0
1075,59.0031,1,2,0
1076,59.0568,1,0,0
1077,59.1181,1,0,1
1078,59.1816,1,0,2
1079,59.2001,1,1,2
1080,59.2787,1,1,1
1081,59.5875,1,1,2
1082,59.6261,1,1,0
1083,59.6268,1,2,0
1084,59.6474,1,2,2
1085,59.6491,1,1,2
1086,59.6836,1,1,1
1087,59.6938,1,2,1
1088,59.7043,1,2,0
1089,59.7483,1,1,0
1090,59.7874,1,1,2
1091,59.8575,1,1,0
1092,60.0145,1,2,0
1093,60.0261,1,0,0
1094,60.0688,1,2,0
1095,60.0978,1,0,0
1096,60.1422,1,0,1
1097,60.1445,1,2,1
1098,60.2295,1,2,0
1099,60.2301,1,1,0
1100,60.2861,1,1,1
1101,60.3492,1,1,2
1102,60.4328,1,1,1
1103,60.4919,1,0,1
1104,60.6452,1,2,1
1105,60.6543,1,1,1
1106,60.7234,1,1,2
1107,60.7757,1,1,0
1108,60.7874,1,2,0
1109,60.8061,1,1,0
1110,60.8543,1,0,0
1111,60.9125,1,0,2
1112,60.975,1,2,2
1113,61.0191,1,1,2
1114,61.025,1,1,0
1115,61.0868,1,0,0
1116,61.0906,1,0,2
1117,61.1139,2,0,2
1118,61.1255,2,0,0
1119,61.1752,2,2,0
1120,61.1765,0,2,0
1121,61.1912,2,2,0
1122,61.2947,0,2,0
1123,61.3013,2,2,0
1124,61.4061,2,1,0
1125,61.4336,2,0,0
1126,61.466,2,0,2
1127,61.485,2,2,2
1128,61.5117,0,2,2
1129,61.5313,2,2,2
1130,61.6431,0,2,2
1131,61.8245,1,2,2
1132,62.0663,1,0,2
1133,62.118,1,2,2
1134,62.1497,1,0,2
1135,62.2431,1,2,2
1136,62.3672,1,1,2
1137,62.3731,1,1,0
1138,62.4261,1,2,0
1139,62.4462,1,2,2
1140,62.5013,1,1,2
1141,62.5064,1,2,2
1142,62.5692,0,2,2
1143,62.6088,0,0,2
1144,62.6144,0,2,2
1145,62.6446,0,0,2
1146,62.7838,0,2,2
1147,62.815,0,1,2
1148,62.8695,0,2,2
1149,62.8742,0,1,2
1150,62.8881,0,2,2
1151,62.8895,1,2,2
1152,62.891,1,1,2
1153,62.9383,1,1,1
1154,62.9421,2,1,1
1155,62.9551,0,1,1
1156,62.9838,0,1,0
1157,63.0047,2,1,0
1158,63.0913,2,2,0
1159,63.1177,0,2,0
1160,63.1179,2,2,0
1161,63.298,2,2,2
1162,63.3074,2,0,2
1163,63.31,2,0,0
1164,63.4633,1,0,0
1165,63.6307,1,0,2
1166,63.6379,1,0,1
1167,63.6539,1,0,2
1168,63.6775,1,2,2
1169,63.7173,0,2,2
1170,63.8565,1,2,2
1171,63.8945,1,2,0
1172,63.941,1,1,0
1173,63.9628,0,1,0
1174,63.9898,0,0,0
1175,64.0071,0,0,2
1176,64.053,0,0,1
1177,64.0998,0,0,2
1178,64.1664,0,0,1
1179,64.1757,1,0,1
1180,64.1792,1,1,1
1181,64.1891,1,0,1
1182,64.3983,1,1,1
1183,64.4431,1,0,1
1184,64.47,1,2,1
1185,64.4914,1,2,0
1186,64.523,1,1,0
1187,64.5562,1,2,0
1188,64.5827,1,0,0
1189,64.5844,1,0,1
1190,64.6006,1,0,0
1191,64.9407,2,0,0
1192,64.9974,2,1,0
1193,65.0504,2,2,0
1194,65.1846,2,2,2
1195,65.33,1,2,2
1196,65.3614,1,2,1
1197,65.3623,2,2,1
1198,65.4658,2,1,1
1199,65.4681,1,1,1
1200,65.6767,1,2,1
1201,65.6902,1,1,1
1202,65.7844,0,1,1
1203,65.7868,0,1,2
1204,65.8823,0,0,2
1205,65.9254,1,0,2
1206,65.9518,2,0,2
1207,66.1833,1,0,2
1208,66.2696,1,0,1
1209,66.3522,1,2,1
1210,66.4081,1,0,1
1211,66.4536,1,1,1
1212,66.5094,1,1,0
1213,66.5724,1,2,0
1214,66.5959,1,1,0
1215,66.6136,1,2,0
1216,66.8624,1,2,1
1217,66.8874,1,2,0
1218,66.9112,0,2,0
1219,66.9434,1,2,0
1220,66.9865,1,2,1
1221,66.9927,0,2,1
1222,67.0154,0,1,1
1223,67.0561,2,1,1
1224,67.059,2,1,0
1225,67.1251,0,1,0
1226,67.166,2,1,0
1227,67.1871,2,1,1
1228,67.2127,2,0,1
1229,67.2443,2,1,1
1230,67.3317,2,0,1
1231,67.3319,2,2,1
1232,67.4256,0,2,1
1233,67.4604,1,2,1
1234,67.6128,1,2,2
1235,67.6369,0,2,2
1236,67.6506,0,2,1
1237,67.6706,0,2,0
1238,67.7192,0,2,1
1239,67.8187,0,2,0
1240,67.8378,0,1,0
1241,67.8427,0,1,2
1242,67.9206,0,2,2
1243,67.9582,0,1,2
1244,68.1134,2,1,2
1245,68.1213,0,1,2
1246,68.2287,2,1,2
1247,68.2687,2,2,2
1248,68.2922,2,1,2
1249,68.3399,2,1,1
1250,68.3508,0,1,1
1251,68.5625,0,1,2
1252,68.6382,1,1,2
1253,68.6824,1,0,2
1254,68.6931,2,0,2
1255,68.7135,0,0,2
1256,68.7328,0,0,1
1257,68.8458,0,2,1
1258,68.9071,0,1,1
1259,68.9285,0,2,1
1260,68.9314,0,0,1
1261,68.9319,0,2,1
1262,68.9631,2,2,1
1263,68.9868,2,1,1
1264,68.9876,2,1,0
1265,69.0074,2,0,0
1266,69.0511,2,0,2
1267,69.0677,2,1,2
1268,69.0756,2,2,2
1269,69.1248,2,0,2
1270,69.1439,0,0,2
1271,69.1497,2,0,2
1272,69.2007,2,2,2
1273,69.2284,2,2,1
1274,69.2515,0,2,1
1275,69.2547,0,0,1
1276,69.2739,0,0,2
1277,69.2832,0,0,0
1278,69.2946,2,0,0
1279,69.3776,2,0,2
1280,69.3837,2,2,2
1281,69.3984,2,2,0
1282,69.4081,1,2,0
1283,69.4366,1,2,1
1284,69.5526,1,1,1
1285,69.6874,1,1,2
1286,69.703,1,1,1
1287,69.7244,1,1,2
1288,69.7497,1,1,1
1289,69.8551,2,1,1
1290,69.8718,0,1,1
1291,69.9079,0,0,1
1292,70.1237,0,0,0
1293,70.1311,0,2,0
1294,70.1343,0,2,1
1295,70.173,2,2,1
1296,70.2074,2,2,0
1297,70.2111,2,2,2
1298,70.2229,2,0,2
1299,70.2252,0,0,2
1300,70.2273,2,0,2
1301,70.2466,2,0,1
1302,70.2897,2,0,0
1303,70.291,2,0,1
1304,70.3737,0,0,1
1305,70.4019,2,0,1
1306,70.4416,0,0,1
1307,70.5093,0,1,1
1308,70.5816,0,0,1
1309,70.6166,0,0,2
1310,70.6504,0,0,0
1311,70.7002,0,1,0
1312,70.7044,0,2,0
1313,70.7638,0,1,0
1314,70.833,2,1,0
1315,70.8635,2,2,0
1316,70.8789,0,2,0
1317,70.9021,0,2,1
1318,70.9126,0,1,1
1319,70.9639,0,0,1
1320,71.0243,2,0,1
1321,71.0255,2,0,2
1322,71.0661,2,1,2
1323,71.2639,2,2,2
1324,71.3872,0,2,2
1325,71.4153,0,2,1
1326,71.4335,0,2,0
1327,71.5769,2,2,0
1328,71.6025,0,2,0
1329,71.6647,0,2,1
1330,71.6716,0,2,0
1331,71.7172,2,2,0
1332,71.7296,0,2,0
1333,71.7552,0,1,0
1334,71.8533,2,1,0
1335,71.8844,1,1,0
1336,71.9072,1,0,0
1337,72.0414,1,2,0
1338,72.0973,1,1,0
1339,72.1028,1,1,2
1340,72.1127,1,2,2
1341,72.1238,0,2,2
1342,72.126,0,1,2
1343,72.1608,2,1,2
1344,72.2405,2,2,2
1345,72.3169,1,2,2
1346,72.347,1,1,2
1347,72.3687,1,1,1
1348,72.5125,0,1,1
1349,72.6006,2,1,1
1350,72.6467,2,0,1
1351,72.677,2,0,2
1352,72.7177,0,0,2
1353,72.7537,0,1,2
1354,72.9848,0,1,0
1355,72.9945,0,1,2
1356,73.0426,0,1,0
1357,73.0788,2,1,0
1358,73.0914,2,0,0
1359,73.125,2,1,0
1360,73.1545,2,0,0
1361,73.3142,2,0,2
1362,73.3237,2,2,2
1363,73.341,2,2,0
1364,73.3541,2,2,2
1365,73.4379,1,2,2
1366,73.4627,2,2,2
1367,73.5002,2,2,1
1368,73.5801,2,2,0
1369,73.6162,2,2,2
1370,73.7423,2,1,2
1371,73.7758,2,1,0
1372,73.7823,2,0,0
1373,73.8852,2,0,1
1374,73.9343,2,0,2
1375,73.959,1,0,2
1376,73.9628,1,1,2
1377,73.9795,1,0,2
1378,74.0485,1,2,2
1379,74.1278,2,2,2
1380,74.1932,2,2,1
1381,74.2277,2,0,1
1382,74.2403,2,2,1
1383,74.3338,2,0,1
1384,74.348,2,0,2
1385,74.3845,2,0,1
1386,74.4718,2,0,2
1387,74.4874,2,2,2
1388,74.5067,2,1,2
1389,74.5132,0,1,2
1390,74.5162,0,1,0
1391,74.5909,2,1,0
1392,74.6526,0,1,0
1393,74.7129,2,1,0
1394,74.7502,2,0,0
1395,74.7741,1,0,0
1396,74.7979,1,0,1
1397,74.9251,1,0,2
1398,74.9706,0,0,2
1399,74.9895,1,0,2
1400,75.0389,1,0,1
1401,75.0464,1,2,1
1402,75.2052,1,1,1
1403,75.3646,1,1,2
1404,75.4292,1,1,0
1405,75.5615,0,1,0
1406,75.5932,0,1,2
1407,75.6371,0,1,0
1408,75.6783,0,2,0
1409,75.7239,1,2,0
1410,75.7269,1,0,0
1411,75.8568,1,2,0
1412,76.0307,1,2,2
1413,76.1863,1,1,2
1414,76.3023,1,1,0
1415,76.3416,1,2,0
1416,76.3582,1,0,0
1417,76.4189,1,0,1
1418,76.422,1,1,1
1419,76.4454,1,1,0
1420,76.5259,1,2,0
1421,76.5619,2,2,0
1422,76.5771,1,2,0
1423,76.5976,1,1,0
1424,76.6947,1,1,2
1425,76.7887,1,0,2
1426,76.864,1,0,0
1427,76.9518,1,2,0
1428,76.9746,1,2,1
1429,77.0618,0,2,1
1430,77.078,2,2,1
1431,77.0894,2,0,1
1432,77.1235,2,2,1
1433,77.143,2,2,2
1434,77.1536,0,2,2
1435,77.1875,0,2,0
1436,77.2361,1,2,0
1437,77.2684,1,1,0
1438,77.273,1,1,1
1439,77.4354,1,1,0
1440,77.47,1,2,0
1441,77.5096,1,2,2
1442,77.6405,1,1,2
1443,77.698,1,1,1
1444,77.8847,1,1,2
1445,77.9016,1,2,2
1446,77.9883,1,1,2
1447,78.0231,1,2,2
1448,78.0391,0,2,2
1449,78.1124,0,1,2
1450,78.1536,0,1,0
1451,78.1624,1,1,0
1452,78.2059,1,2,0
1453,78.2407,1,2,2
1454,78.2956,0,2,2
1455,78.4285,0,1,2
1456,78.4916,0,0,2
1457,78.5156,0,2,2
1458,78.54,2,2,2
1459,78.5535,1,2,2
1460,78.5978,1,1,2
1461,78.622,1,2,2
1462,78.6396,1,2,1
1463,78.7314,0,2,1
1464,78.7337,0,0,1
1465,78.7433,2,0,1
1466,78.7624,2,0,2
1467,78.7711,0,0,2
1468,78.8588,0,1,2
1469,78.8763,2,1,2
1470,78.9382,2,2,2
1471,78.9939,2,1,2
1472,79.0739,2,2,2
1473,79.1912,2,0,2
1474,79.2292,2,1,2
1475,79.245,2,2,2
1476,79.2779,1,2,2
1477,79.3108,1,1,2
1478,79.3303,1,2,2
1479,79.4297,1,2,1
1480,79.4488,1,2,0
1481,79.4703,1,2,1
1482,79.5834,1,1,1
1483,79.608,1,2,1
1484,79.6472,1,0,1
1485,79.6723,1,1,1
1486,79.9281,1,0,1
1487,79.9525,1,2,1
1488,79.9537,1,0,1
1489,79.9748,0,0,1
1490,80.0405,0,2,1
1491,80.0744,1,2,1
1492,80.0997,1,2,0
1493,80.1552,2,2,0
1494,80.1919,2,1,0
1495,80.1944,0,1,0
1496,80.2094,0,1,2
1497,80.2907,0,1,0
1498,80.2966,0,1,1
1499,80.3072,1,1,1
1500,80.3283,2,1,1
1501,80.3622,2,0,1
1502,80.4092,1,0,1
1503,80.4514,1,2,1
1504,80.4986,1,1,1
1505,80.5212,1,0,1
1506,80.5615,1,2,1
1507,80.5697,1,2,2
1508,80.6034,2,2,2
1509,80.6184,1,2,2
1510,80.6192,2,2,2
1511,80.6204,2,0,2
1512,80.6353,0,0,2
1513,80.6483,0,0,1
1514,80.6546,0,2,1
1515,80.8419,2,2,1
1516,80.8505,2,1,1
1517,81.0409,2,1,0
1518,81.1001,2,0,0
1519,81.1104,0,0,0
1520,81.3016,0,0,2
1521,81.3639,0,2,2
1522,81.4545,2,2,2
1523,81.4746,0,2,2
1524,81.5442,1,2,2
1525,81.5589,1,1,2
1526,81.5928,1,2,2
1527,81.6212,1,2,1
1528,81.8477,1,0,1
1529,81.945,1,2,1
1530,81.9992,0,2,1
1531,82.0275,2,2,1
1532,82.0426,0,2,1
1533,82.0753,0,0,1
1534,82.1103,2,0,1
1535,82.2129,1,0,1
1536,82.3542,1,1,1
1537,82.3847,1,1,2
1538,82.4053,1,1,0
1539,82.4645,1,1,1
1540,82.5793,1,2,1
1541,82.6188,0,2,1
1542,82.6404,0,0,1
1543,82.69,2,0,1
1544,82.7285,1,0,1
1545,82.7627,1,2,1
1546,82.9099,1,1,1
1547,82.924,1,0,1
1548,82.9388,1,0,2
1549,82.9457,1,2,2
1550,83.034,0,2,2
1551,83.0344,0,2,0
1552,83.0857,2,2,0
1553,83.0903,0,2,0
1554,83.1056,0,1,0
1555,83.1871,1,1,0
1556,83.3572,1,0,0
1557,83.3867,2,0,0
1558,83.4372,2,2,0
1559,83.5193,2,1,0
1560,83.5518,2,0,0
1561,83.5726,2,0,1
1562,83.626,1,0,1
1563,83.642,1,0,2
1564,83.6792,1,2,2
1565,83.6894,1,1,2
1566,83.6962,1,2,2
1567,83.7851,1,2,0
1568,83.7994,1,1,0
1569,83.8917,1,0,0
1570,83.9414,1,2,0
1571,83.9695,1,1,0
1572,84.017,1,1,1
1573,84.0462,1,0,1
1574,84.0902,1,1,1
1575,84.1023,1,1,2
1576,84.2031,0,1,2
1577,84.2561,2,1,2
1578,84.3242,1,1,2
1579,84.3267,1,2,2
1580,84.3318,1,2,1
1581,84.3938,2,2,1
1582,84.426,0,2,1
1583,84.5476,0,2,2
1584,84.5795,0,2,1
1585,84.584,0,1,1
1586,84.6349,0,1,2
1587,84.6461,1,1,2
1588,84.713,1,1,0
1589,84.7134,1,2,0
1590,84.7612,1,0,0
1591,84.8494,1,2,0
1592,84.9198,1,2,1
1593,84.926,1,0,1
1594,84.9783,1,2,1
1595,84.9819,1,1,1
1596,85.1614,2,1,1
1597,85.2586,0,1,1
1598,85.317,0,0,1
1599,85.3222,0,0,2
1600,85.3521,0,2,2
1601,85.5275,0,0,2
1602,85.5536,0,0,0
1603,85.6113,2,0,0
1604,85.6716,1,0,0
1605,85.7768,0,0,0
1606,85.7817,0,2,0
1607,85.8483,1,2,0
1608,86.0393,1,2,2
1609,86.0648,1,2,1
1610,86.104,1,0,1
1611,86.1241,1,2,1
1612,86.2204,1,1,1
1613,86.2833,0,1,1
1614,86.3256,0,0,1
1615,86.3296,0,0,2
1616,86.3632,0,1,2
1617,86.5542,0,1,0
1618,86.5556,2,1,0
1619,86.6254,2,2,0
1620,86.7892,2,2,2
1621,86.8351,2,2,0
1622,86.859,2,2,1
1623,86.8702,2,2,2
1624,86.9558,2,1,2
1625,86.9738,2,2,2
1626,87.0353,2,2,1
1627,87.1105,2,2,2
1628,87.1127,1,2,2
1629,87.2116,1,0,2
1630,87.2162,1,2,2
1631,87.2288,1,1,2
1632,87.2492,1,1,0
1633,87.4093,1,2,0
1634,87.4467,1,2,2
1635,87.5657,2,2,2
1636,87.6072,0,2,2
1637,87.6164,0,2,0
1638,87.6171,0,2,1
1639,87.6511,2,2,1
1640,87.7263,2,2,0
1641,87.7701,2,0,0
1642,87.7709,2,0,2
1643,87.786,0,0,2
1644,87.82,0,2,2
1645,87.8296,1,2,2
1646,87.8573,1,2,0
1647,87.9113,1,1,0
1648,87.9729,1,2,0
1649,88.2559,1,2,1
1650,88.2805,1,1,1
1651,88.425,1,1,2
1652,88.5093,0,1,2
1653,88.5617,1,1,2
1654,88.7929,1,1,0
1655,88.8167,1,0,0
1656,88.8786,1,0,2
1657,88.9475,1,0,1
1658,89.1265,1,2,1
1659,89.1705,0,2,1
1660,89.235,2,2,1
1661,89.2529,2,0,1
1662,89.324,2,0,0
1663,89.3449,2,0,2
1664,89.3722,2,2,2
1665,89.4361,0,2,2
1666,89.5011,1,2,2
1667,89.5424,1,0,2
1668,89.663,1,1,2
1669,89.8345,1,1,1
1670,89.8352,1,0,1
1671,89.8489,1,2,1
1672,89.8494,1,0,1
1673,89.851,1,0,0
1674,90.0136,1,1,0
1675,90.1333,1,1,1
1676,90.2379,1,1,2
1677,90.3825,1,0,2
1678,90.3992,1,0,1
1679,90.4015,2,0,1
1680,90.4291,0,0,1
1681,90.5112,2,0,1
1682,90.5311,1,0,1
1683,90.5844,1,1,1
1684,90.6863,1,2,1
1685,90.7048,1,0,1
1686,90.7435,1,0,2
1687,90.8132,1,2,2
1688,90.823,1,0,2
1689,91.1317,1,0,0
1690,91.1575,1,0,1
1691,91.2982,1,0,2
1692,91.3033,1,0,1
1693,91.3197,0,0,1
1694,91.3318,2,0,1
1695,91.4891,1,0,1
1696,91.6641,1,0,2
1697,91.6878,1,2,2
1698,91.739,1,2,1
1699,91.7726,1,2,2
1700,91.842,1,0,2
1701,91.8435,1,2,2
1702,92.0026,2,2,2
1703,92.0465,2,1,2
1704,92.057,1,1,2
1705,92.135,1,0,2
1706,92.1429,0,0,2
1707,92.1584,0,1,2
1708,92.268,0,1,0
1709,92.2848,2,1,0
1710,92.3066,2,2,0
1711,92.3335,2,0,0
1712,92.4529,1,0,0
1713,92.4653,1,0,2
1714,92.4965,2,0,2
1715,92.6314,0,0,2
1716,92.6466,0,1,2
1717,92.705,0,2,2
1718,92.7835,1,2,2
1719,92.8322,1,1,2
1720,92.8604,2,1,2
1721,92.8648,2,1,0
1722,92.8886,1,1,0
1723,92.9563,0,1,0
1724,93.0185,2,1,0
1725,93.0472,2,0,0
1726,93.0519,1,0,0
1727,93.0632,0,0,0
1728,93.1065,1,0,0
1729,93.2822,1,0,1
1730,93.2832,1,0,2
1731,93.411,1,0,1
1732,93.4598,1,2,1
1733,93.4983,1,2,0
1734,93.5105,1,0,0
1735,93.5982,1,0,2
1736,93.6578,1,2,2
1737,93.7847,1,1,2
1738,93.8024,2,1,2
1739,93.8416,2,1,1
1740,93.8669,2,1,2
1741,93.9362,2,2,2
1742,94.1152,2,1,2
1743,94.1643,0,1,2
1744,94.2284,1,1,2
1745,94.2336,1,1,1
1746,94.333,1,1,2
1747,94.4192,1,0,2
1748,94.4331,1,0,1
1749,94.4962,1,0,0
1750,94.5353,1,0,2
1751,94.5411,1,1,2
1752,94.5555,1,1,0
1753,94.5742,1,1,2
1754,94.5876,1,1,1
1755,94.613,1,1,2
1756,94.6449,1,1,0
1757,94.6502,1,0,0
1758,94.6578,1,0,2
1759,94.7383,1,2,2
1760,94.8089,2,2,2
1761,94.8365,2,2,1
1762,94.8398,2,0,1
1763,94.8654,2,0,0
1764,94.884,0,0,0
1765,94.887,2,0,0
1766,94.934,2,0,2
1767,94.98,1,0,2
1768,95.016,0,0,2
1769,95.0688,1,0,2
1770,95.239,1,2,2
1771,95.4006,1,1,2
1772,95.4394,1,1,1
1773,95.4625,1,2,1
1774,95.485,1,2,2
1775,95.4956,1,2,1
1776,95.5109,1,2,2
1777,95.5131,2,2,2
1778,95.6887,1,2,2
1779,95.717,1,0,2
1780,95.8036,1,1,2
1781,95.8356,2,1,2
1782,95.8415,2,2,2
1783,95.8573,0,2,2
1784,95.8639,2,2,2
1785,95.9058,0,2,2
1786,95.9096,0,0,2
1787,95.949,0,2,2
1788,95.9575,0,1,2
1789,96.1054,0,2,2
1790,96.2514,0,1,2
1791,96.2927,1,1,2
1792,96.3744,1,1,0
1793,96.3918,1,1,2
1794,96.5096,1,1,1
1795,96.5913,1,2,1
1796,96.6428,1,2,0
1797,96.7423,1,1,0
1798,96.7469,1,0,0
1799,96.8154,2,0,0
1800,96.8339,0,0,0
1801,96.837,0,0,1
1802,96.8595,0,1,1
1803,96.8881,0,1,0
1804,96.9219,0,1,2
1805,96.9881,0,1,0
1806,96.9881,1,1,0
1807,97.0005,1,0,0
1808,97.0255,1,0,1
1809,97.0302,1,2,1
1810,97.0411,1,1,1
1811,97.0667,1,1,0
1812,97.0779,1,0,0
1813,97.1854,1,0,2
1814,97.2579,1,2,2
1815,97.3316,1,2,1
1816,97.4264,0,2,1
1817,97.446,0,1,1
1818,97.4573,0,2,1
1819,97.4874,0,0,1
1820,97.4917,2,0,1
1821,97.5029,2,0,2
1822,97.5248,1,0,2
1823,97.6817,1,0,1
1824,97.6897,2,0,1
1825,97.8303,0,0,1
1826,97.8513,0,0,2
1827,97.8675,0,0,1
1828,97.8792,1,0,1
1829,97.9157,1,1,1
1830,98.0196,2,1,1
1831,98.024,2,1,0
1832,98.0294,2,1,2
1833,98.0406,2,1,0
1834,98.1331,2,0,0
1835,98.1975,0,0,0
1836,98.2551,1,0,0
1837,98.2805,2,0,0
1838,98.3159,2,0,1
1839,98.3289,2,2,1
1840,98.382,1,2,1
1841,98.3909,1,2,2
1842,98.5164,1,2,1
1843,98.5526,2,2,1
1844,98.5534,2,2,2
1845,98.5998,2,1,2
1846,98.6135,2,2,2
1847,98.6542,1,2,2
1848,98.7799,1,2,1
1849,98.8027,0,2,1
1850,98.8145,1,2,1
1851,98.8459,1,1,1
1852,98.9322,1,0,1
1853,99.124,1,2,1
1854,99.3102,1,0,1
1855,99.4348,1,0,2
1856,99.4377,1,2,2
1857,99.4955,1,2,1
1858,99.7188,1,0,1
1859,99.9105,1,2,1
1860,99.9363,1,2,0
1861,99.9492,2,2,0
1862,100.0,-1,-1,-1
